{
    "20250611_140304":
        {
            "bboxes":
            [
                [
                    0.38133333,
                    0.31237109,
                    0.14533333,
                    0.11887351
                ]
            ],
            "labels":
            [
                "like"
            ]
        },
    "20250611_140316":
        {
            "bboxes":
            [
                [
                    0.40933333,
                    0.32662091,
                    0.14800000,
                    0.12224847
                ]
            ],
            "labels":
            [
                "like"
            ]
        },
    "20250611_140320":
        {
            "bboxes":
            [
                [
                    0.29800000,
                    0.19574755,
                    0.16133333,
                    0.12824839
                ]
            ],
            "labels":
            [
                "like"
            ]
        },
    "20250611_140333":
        {
            "bboxes":
            [
                [
                    0.54066666,
                    0.19799752,
                    0.20200000,
                    0.16912288
                ]
            ],
            "labels":
            [
                "dislike"
            ]
        },
    "20250611_140339":
        {
            "bboxes":
            [
                [
                    0.46600000,
                    0.18074774,
                    0.18866666,
                    0.14999812
                ]
            ],
            "labels":
            [
                "dislike"
            ]
        },
    "20250611_140342":
        {
            "bboxes":
            [
                [
                    0.51600000,
                    0.25049686,
                    0.18600000,
                    0.14549818
                ]
            ],
            "labels":
            [
                "dislike"
            ]
        },
    "20250611_140354":
        {
            "bboxes":
            [
                [
                    0.25866666,
                    0.16762290,
                    0.14466666,
                    0.15224809
                ]
            ],
            "labels":
            [
                "stop"
            ]
        },
    "20250611_140357":
        {
            "bboxes":
            [
                [
                    0.39800000,
                    0.34387070,
                    0.16400000,
                    0.15112311
                ]
            ],
            "labels":
            [
                "stop"
            ]
        },
    "20250611_140404":
        {
            "bboxes":
            [
                [
                    0.53187500,
                    0.24524693,
                    0.13733333,
                    0.13612398
                ]
            ],
            "labels":
            [
                "stop"
            ]
        },
    "20250611_140416":
        {
            "bboxes":
            [
                [
                    0.17933333,
                    0.21112236,
                    0.18800000,
                    0.14999812
                ]
            ],
            "labels":
            [
                "rock"
            ]
        },
    "20250611_140420":
        {
            "bboxes":
            [
                [
                    0.31600000,
                    0.37087036,
                    0.21733333,
                    0.14737315
                ]
            ],
            "labels":
            [
                "rock"
            ]
        },
    "20250611_140424":
        {
            "bboxes":
            [
                [
                    0.56200000,
                    0.32512093,
                    0.19200000,
                    0.13687328
                ]
            ],
            "labels":
            [
                "rock"
            ]
        },
    "20250611_140433":
        {
            "bboxes":
            [
                [
                    0.15733333,
                    0.17587280,
                    0.17866666,
                    0.17549780
                ]
            ],
            "labels":
            [
                "peace"
            ]
        },
    "20250611_140438":
        {
            "bboxes":
            [
                [
                    0.35066666,
                    0.28162147,
                    0.14333333,
                    0.16762290
                ]
            ],
            "labels":
            [
                "peace"
            ]
        },
    "20250611_140444":
        {
            "bboxes":
            [
                [
                    0.56466666,
                    0.34724565,
                    0.12933333,
                    0.13087336
                ]
            ],
            "labels":
            [
                "peace"
            ]
        }
}